{
    "CL":  0.01,
    "HO":  0.0001,
    "RB":  0.0001,
    "NG":  0.001,
    "ES":  0.25,
    "NQ":  0.25,
    "RTY": 0.10,
    "VX":  0.05,
    "ZC":  0.25,
    "ZW":  0.25,
    "KE":  0.25,
    "ZS":  0.25,
    "ZM":  0.1,
    "ZL":  0.01,
    "ZO":  0.25,
    "ZR":  0.005,
    "HE":  0.025,
    "LE":  0.025,
    "GF":  0.025,
    "GC":  0.1,
    "SI":  0.005,
    "HG":  0.0001,
    "PL":  0.1,
    "GE":  0.005,
    "ZQ":  0.0025,
    "SR1": 0.0025,
    "SR3": 0.0025,
    "ZB":  0.03125,
    "ZN":  0.015625,
    "ZF":  0.0078125,
    "ZT":  0.00390625,
    "6J":  "0.0000005",
    "6E":  0.00005,
    "6B":  0.0001,
    "6C":  0.00005,
    "6A":  0.00005,
    "6M":  0.00001,
    "6R":  0.000005,
    "6N":  0.00005,
    "6S":  0.00005,
    "6L":  0.00005
}
