{
    "CL":  0.01,
    "HO":  0.0001,
    "RB":  0.0001,
    "NG":  0.001,
    "ES":  0.25,
    "NQ":  0.25,
    "RTY": 0.10,
    "ZC":  0.25,
    "ZW":  0.25,
    "ZB":  0.03125,
    "ZN":  0.015625,
    "ZF":  0.0078125,
    "ZT":  0.00390625
}
